Yemek Adı;Malzemeler;Kategori;Kalori;Hazırlanış;Hazırlanma Süresi;Resim
Soğan Çorbası;soğan-salça-un-tereyağı;Çorba;110;MALZEMELER\n2 adet orta boy soğan\n1 dolu yemek kaşığı tereyağı\n2  dolu yemek kaşığı un\n1 çay kaşığı biber salçası\n6 su badağı su veya tavuk suyu\n1 silme tatlı kaşığı tuz\nÜzeri için\nkaşar peynir rendesi\nkarabiber\nHAZIRLANIŞ\nSoğan çorbası yapmak için yağı tencereye alıp eritelim .Soğanları rendenin ince tarafı ile rendeleyerek yağda hafif pembeleşinceye kadar kavuralım.Salçayı ekleyip karıştıralım.Unu ekleyerek hızlıca kavuralım.Üzerine 2 su bardağı soğuk su ekleyerek çırpma teli ile karıştırarak unun topaklanmadan erimesiniz sağlayalım.Tuzu ekleyelim.Suyun kalanını da ilave ederek sürekli karıştırarak pişirelim.Kaynamaya başlayınca ocaktan alalım.Sıcak olarak kaşar rendesi ve karabiber ile servis yapalım.;50 dakika;sogan_corbasi.png
Sebzeli Buğday Çorbası;tavuk  eti-buğday-mercimek-nohut;Çorba;130;MALZEMELER \n200 gr tavuk eti\n50 gr tereyağ\n2 soğan\n1 çorba kaşığı\ndomates salçası\n1 çay bardağı buğday\n1 çay bardağı kırmızı mercimek \n1 su bardağı nohut\n1 küçük kereviz\n5-6 dal maydonoz sapı\n1 adet orta boy\nhavuç \ntuz \nkarabiber\nArzuya göre :\n 1 su bardağı yoğurt\n1 çorba kaşığı zeytinyağı\n\n HAZIRLANIŞ\nNohutu ve buğdayı bir gece öncesinden ıslatın.Soğanları soyup kıyın ,buğdayı ve mercimeyi yıkayın, havuç,tavuk eti ve kerevizleri minik zar şeklinde doğrayın.Tencerede tereyağını eritin ve kıyılmış soğanları ekleyip kavurun,0salçayı ekleyip kavurmaya devam edin.Nohut, buğday ,mercimek,kereviz,maydonoz saplarını,etleri ve havuçları ekleyip karıştırın.Çorbanın suyunu(göz kararı yaklaşık 6 veya 8 su bardağı) ilave edip,tuzunu karabiberini ekleyin.Düdüklü tencerede yaklaşık  30 dk normal tencerede 50 dk  pişirmeniz yeterli olucaktır.Dilerseniz çorba piştikten sonra, 1 su bardağı yoğurdu zeytinyağıyla incelterek, azar azar  karıştırarak çorbaya ilave edebilirsiniz.;90 dakika;sebzeli_bugday_corbasi.png
Ezogelin Çorbası;kırmızı mercimek-pirinç-bulgur-soğan;Çorba;125;MALZEMELER\n2 çay bardağı kırmızı mercimek\n2 yemek kaşığı pirinç\n2 tatlı kaşığı bulgur\n1 adet kuru soğan\n1 tatlı kaşığı biber salçası\n1 yemek kaşığı tereyağı\n6 su bardağı sıcak su \n1 tatlı kaşığı nane\n1 tatlı kaşığı tuz\nServisi için:\n1/2 adet limon suyu\n1 tatlı kaşığı  pul biber\nHAZIRLANIŞ\nSıcak suyu geniş bir tencerede kaynatın. Yıkayıp suyunu süzdürdüğünüz kırmızı mercimeği, pirinci, bulguru ve tuzu tencereye aktarın.\nYaklaşık 35 dakika, kırmızı mercimekler yumuşayana kadar pişirme işlemini sürdürün.\nKuru soğanı küçük küpler halinde doğrayın. Tereyağını küçük bir sos tenceresinde kızdırın. Kavrulan soğanlara biber salçasını ekleyin ve 2 dakika daha kavurun.\nNaneyi ekleyin ve karıştırdıktan sonra soğanlı sosu ocaktan alın.\nBakliyatları kaynattığınız tencereye kavrulan soğan ve salçalı karışımı ekledikten sonra hızlıca karıştırdığınız çorbayı 10 dakika daha pişirin.nLimon suyu ve pul biber ilavesiyle sıcak olarak servis edin.;50 dakika;ezogelin_corbasi.png
Sütlü Sebze Çorbası;süt-kabak-havuç-patates;Çorba;114;MALZEMELER\n1 adet kabak\n1 adet havuç\n1 adet patates\n5 su bardağı su veya tavuk suyu\n1 yemek kaşığı tereyağı\n1 silme tatlı kaşığı tuz veya bir silme yemek kaşığı tuz\n1 silme çay kaşığı karabiber\n1 su bardağı süt\n1 yemek kaşığı un\n3 -4dal  maydanoz\nHAZIRLANIŞI\ntencereye suyumuzu koyuyoruz ,kaynamaya başladığında çok küçük soğan çenter gibi çenterek doğradığımız havuç,kabak ve patateslerimizi ilave ediyoruz, yaklaşık 10 dakika pişiriyoruz.Bir kasede 1 bardak sütümüzü ve 1 kaşık unumuzu çırpma telimizle karıştırıyoruz.kaynamakta olan çorbamıza yavaş yavaş akıtarak ilave ediyoruz.Tuzumuzu  ,karabiberimizi ve maydonozlarımıza ilave ediyoruz…yağı ister sonradan içine ilave edebilir isterseniz suyu tencereye koymadan eritebilirsiniz;45 dakika;sutlu_sebze_corbasi.png
Yayla Çorbası;pirinç-yoğurt-yumurta-un;Çorba;98;MALZEMELER\n1 çay bardağı pirinç\n2 yemek kaşığı tereyağı\n5 su bardağı su\n1 tatlı kaşığı nane\n1 tatlı kaşığı pul biber\n1 tatlı kaşığı tuz\nTerbiye karışımı için:1 su bardağı yoğurt\n3 yemek kaşığı un\n1 adet yumurta sarısı\n1 su bardağı su\n1/2 adet limon suyu\nHAZIRLANIŞ\nSuyu derin bir tencerede kaynatın. Pirinci ekleyin ve yumuşayana kadar 5- 6 dakika haşlayın.Terbiyesini hazırlamak için: unu, yoğurdu, yumurta sarısını küçük bir kapta iyice çırpın. Suyu ve limon suyunu ekleyin, karıştırmaya devam edin.Bu karışımı bir süzgeç yardımıyla süzerek tencereye aktarın. Bir çırpıcı yardımıyla karıştırarak, pişirme aşamasını sürdürün.Ayrı bir tavada tereyağını eritin. Naneyi ve pul biberi üzerine serperek, 1- 2 dakika karıştırın.Hazırladığınız sos karışımını tencereye aktarın ve tuzu ekleyin. 2- 3 dakika daha kaynattıktan sonra çorbayı sıcak olarak servis edin.;50 dakika;yayla_corbasi.png
Domates Çorbası;domates-un-süt-tereyağı;Çorba;66;MALZEMELER \n5adet büyük boy sulu domates\n1 yemek kaşığı un\n1 yemek kaşığı tereyağı\n4 su bardağı sıcak et suyu\n2 çay bardağı sıcak süt\nServisi için:\n1 su bardağı rendelenmiş kaşar peyniri \nHAZIRLANIŞ\nTereyağını bir tavada eritin. Un ekleyip kokusu çıkana kadar kısık ateşte, tereyağında kavurun.Kabuğunu soyduğunuz domatesleri rendeleyin ve kavrulmuş un karışımına ekledikten sonra 5 dakika kadar pişirin.Üzerine sıcak et suyunu ilave edin. Kesilmemesi için küçük bir cezvede ısıttığınız sütü azar azar ekleyip hızlıca karıştırın.Çorbayı kaynayana kadar orta ateşte ardından da kısık ateşte 15 dakika kadar pişirin.Servis kaselerine aldığınız çorbayı rendelenmiş kaşar peyniri ilavesiyle sıcak olarak servis edin.;1 saat;domates_corbasi.png
Mercimek Çorbası;mercimek-soğan-sarımsak-un;Çorba;124;MALZEMELER\n1 su bardağı kırmızı mercimek\n1,5 su bardağı tavuk suyu\n4 su bardağı su\n1 tatlı kaşığı tuz\n1 adet soğan\n2 diş sarımsak \n1 yemek kaşığı\n tereyağı\n1 yemek kaşığı un\nÜzerin İçin:\n2 yemek kaşığı tereyağı\n1 çay kaşığı pul biber\nHAZIRLANIŞ\nMercimekleri bol suda yıkayın.Tereyağını eritin ve küp küp doğranmış soğanları ve ezilmiş sarımsakları kavurun.Soğan ve sarımsak hafif kavrulunca unu ilave edin ve 2-3 dakika unu kavurun.Çırpma teliyle unu çırpıyorken tavuk suyunu ilave edin.Mercimekleri de ilave edin ve kalan suyu da ilave edip kaynamaya bırakın.Su kaynayınca tuzu ilave edin ve mercimekler iyice yumuşayıncaya kadar pişirin.Kaynayan ve kıvamlanan çorbayı blenderdan geçirin ve daha sonra ince delikli bir süzgeçten süzün ve pürüzsüz kıvama getirin.\nÜzeri İçin:\nTereyağını eritin ve eriyen tereyağında pul biberi kavurun.Kaynayan çorbanın üzerine dökün ve tahta kaşık yardımıyla yağın çorbayla karışmasına yardımcı olun. Afiyet olsun!;40 dakika;mercimek_corbasi.png
Kremalı Tavuk Çorbası;tavuk eti-krema-un-tereyağı;Çorba;80;MALZEMELER\n1 adet kemikli tavuk göğsü\n6 su bardağı su\n2 yemek kaşığı tereyağı\n1 tatlı kaşığı un\n200 ml. krema\n1 çay kaşığı\ntuz\n1/2 çay kaşığı taze çekilmiş tane karabiber\nServisi için:\n4 dal dereotu (arzuya göre maydanoz)\nHAZIRLANIŞ\nBol suda yıkadığınız ve temizlediğiniz kemikli tavuk göğsünü derin bir tencereye yerleştirin.Soğuk su ilave ettiğiniz tavuk göğsünü, orta ateşte yumuşayana kadar haşlayın. Suyun berrak olması için haşlama esnasında yüzeye çıkan köpükleri kevgirle alın.Haşlanan tavuk göğsünü sudan çıkartın. Kemik, deri ve kıkırdak kısımlarını ayıkladıktan sonra göğüs etini küçük parçalar halinde ditin.Tereyağını ayrı bir tencerede eritin. Köpüren tereyağına unu katıp, hafif bir renk alana kadar kısık ateşte kavurun.Süzdürdüğünüz sıcak tavuk suyunu kavrulmuş una azar azar katıp, topaklanmaması için çorba karışımını bir çırpıcı yardımıyla karıştırın.Tuz ve taze çekilmiş tane karabiberi ekleyin. Krema ve ditilmiş tavuk göğüs etini eklediğiniz çorbayı kısık ateşte 15 dakika kadar pişirin.Krema ve unlu meyane harcıyla kıvam alan sıcak çorbayı, servis kaselerine aldıktan sonra incecik kıyılmış dereotu ya da maydanoz ilavesiyle servis edin.  ;1 saat;kremali_tavuk_corbasi.png
Karalahana Çorbası;karalahana-yarma-kuru fasulye-soğan;Çorba;107;MALZEMELER\n1 demet karalahana\n1 adet kuru soğan\n2 yemek kaşığı tereyağı\n1 yemek kaşığı zeytinyağı\n1 su bardağı haşlanmış kuru fasulye\n1 çay bardağı yarma\n2 yemek kaşığı mısır unu\n1 yemek kaşığı domates salçası\n1 çay kaşığı pul biber\n1 çay kaşığı tuz\n1 çay kaşığı karabiber\nHAZIRLANIŞ\nKaralahanaları iyice yıkayın ve sularını süzdürün. Ardından ince ince doğrayın.Doğradığınız karalahanaları bir müddet suyun içinde bekletin ve sularını iyice süzdürün.Soğanların kabuklarını soyun. Minik küpler halinde yemeklik olarak doğrayın.Tencerenizin içine tereyağı, sıvı yağ, doğranmış soğanları ve salçayı ekleyerek kavurun.Kavrulan soğanların üzerine yarmaları ve karalahanaları ilave edin, birkaç defa daha kavurduktan sonra suyunu ilave edin.Yarmalar ve karalahanalar yumuşamaya başladığında haşlanmış kuru fasulyeleri ilave edin.Ardından baharat ve tuzunu ilave ederek pişmeye bırakın.Çorbanın suyundan bir miktar alarak mısır unuyla ayrı bir yerde karıştırın ardından azar azar içerisine ilave edin.Tüm malzemeler piştiğinde ve çorba kıvam aldığında ocaktan alın ve servis edin.;45 dakika;karalahana_corbasi.png
İrmik Helvası;irmik-şeker-dolmalık fıstık-süt;Tatlı;350;MALZEMELER\n1,5 su bardağı irmik\n1,5 su bardağı toz şeker\n3 yemek kaşığı tereyağı\n3 yemek kaşığı dolmalık fıstık\n1,5 su bardağı su\n1,5 su bardağı süt\nServisi için:\n2 tatlı kaşığı tarçın (arzuya göre)\nHAZIRLANIŞ\nTatlının şerbeti için: su, şeker ve sütü küçük bir sos tenceresine alın. Karıştırdıktan sonra kısık ateşte kaynamaya bırakın.Tereyağını derin bir tencerede eritin. Fıstıkları içine atarak kavurmaya başlayın.Ardından irmiği tencereye aktarın ve tahta bir kaşık yardımıyla sürekli karıştırıp, kısık ateşte 20 dakika kadar kavurun.Kavurma işlemini irmik ve fıstık hafif renk değiştirene kadar sürdürün.İyice kavrulduktan sonra su, şeker ve süt ile hazırladığınız sıcak şerbet karışımını, helva tenceresine azar azar aktarın. Sıcak şerbetin etkisiyle fokur fokur kaynamaya başlayan irmik helvasını tahta bir kaşık yardımıyla karıştırmaya devam edin.Helvayı kısık ateşte 8-10 dakika kadar pişirmeye devam edin. İçini çekip, dinlenmesi için; tencerenin üzerine kağıt havlu ya da nemli bir mutfak bezi örtüp, tencerenin kapağını kapatın.Demlenen irmik helvasını servis kaselerine alıp, ters çevirip çıkardıktan sonra arzuya göre tarçın ya da dondurma ile servis edin.  ;1 saat;irmik_helvasi.png
Revani;yumurta-un-irmik-şeker;Tatlı;300;MALZEMELER\n3 adet yumurta\n1 çay bardağı toz şeker\n1,5 su bardağı un\n1 su bardağı irmik\n1 çay bardağı ayçiçek yağı\n1 çay bardağı yoğurt\n1 paket kabartma tozu\n1 paket vanilya\nŞerbeti için:3 su bardağı toz şeker\n3 su bardağı su\n1/2 adet limon suyu\nServisi için:2 yemek kaşığı\nrendelenmiş hindistan cevizi\n HAZIRLANIŞ \n Tatlının şerbetini hazırlamak için: toz şeker ve suyu bir tencereye aktarın. Kısık ateşte yaklaşık 30 dakika kadar kaynattıktan sonra limon suyunu ekleyin ve ılınması için ocaktan alın.Yumurta ve toz şekeri bir mikser yardımıyla toz şeker tamamen eriyene kadar karıştırın.Sırasıyla ayçiçek yağını, yoğurdu, vanilyayı, irmiği, elenmiş unu ve kabartma tozunu ekledikten sonra çırpma işlemini sürdürün.Fırın kabını tereyağı ile yağlayın. Revaniyi, önceden ısıtılmış 180 derece fırında 25-30 dakika kadar pişirin. İçini çeken tatlıyı dikdörtgen ya da baklava dilimi şeklinde kesin.Dilimlediğiniz ılık tatlıya önceden hazırladığınız soğuk şerbeti azar azar ilave ederek, tatlının içine çekmesini sağlayın.Rendelenmiş Hindistan cevizi ve arzuya göre fındık içi ile süsleyerek servis edin. ;90 dakika;revani.png
Sütlaç;pirinç-süt-şeker-un;Tatlı;266;MALZEMELER\n1,5 çay bardağı pirinç\n3 su bardağı sıcak su\n4 su bardağı süt\n2 su bardağı toz şeker\n4,5 yemek kaşığı pirinç unu\nHAZIRLANIŞ\nBol suda yıkayıp suyunu süzdürdüğünüz pirinçleri, sıcak su ilavesi ile yumuşayana kadar kaynatın.Süt, toz şeker ve pirinç ununu ayrı bir kapta bir çırpıcı yardımıyla toz şeker ve pirinç unu eriyene kadar karıştırın.Haşlanan pirinçlere süt karışımını azar azar ekleyerek sütlacı hızlıca karıştırın.Kıvam alan sütlacı, servis kaselerine paylaştırın. Ilındıktan sonra buzdolabına kaldırın ve soğutun.Soğuk olarak servis edin.;40 dakika;sutlac.png
Ayva Talısı;ayva-şeker-tarçın-karanfil;Tatlı;373;MALZEMELER\n4 adet büyük boy ayva\n16 yemek kaşığı toz şeker\n5 su bardağı su\n1 adet çubuk tarçın\n3 adet karanfil\nServisi için:100 gram kaymak\n4 yemek kaşığı toz antep fıstığı \nHAZIRLANIŞ\nBol suda yıkadığınız ayvaların kabuklarını soyun ve ortadan ikiye kesin. Ayva çekirdeklerini daha sonra kullanmak üzere bir kenara ayırın.Geniş tabanlı bir tencereye tek sıra halinde dizdiğiniz her bir ayvanın üzerine tepeleme 2 yemek kaşığı toz şeker ekleyin.Tencereye ayvaların üzerini çok az örtecek şekilde yaklaşık 5 su bardağı su ekleyin.Şerbet renginin kırmızı ve aromalı olması için: ayva çekirdeklerini, çubuk tarçını ve karanfilleri ilave edin.Pişen ayvaları servis tabağına alın ve şerbetinden üzerlerine gezdirin.Kaymak ve toz Antep fıstığı ilavesiyle ılık ya da soğuk olarak tatlıları servis edin;80 dakika;ayva_tatlisi.png
Mozaik Pasta;krema-kakao-bisküvi-pudra şekeri;Tatlı;331;MALZEMELER\n125 gram margarin\n1 paket krema\n2 yemek kaşığı kakao\n2 yemek kaşığı pudra şekeri\n1,5 paket petibör bisküvi\nÜzeri için:1 çay bardağı rendelenmiş hindistan cevizin\nHAZIRLANIŞ\nPötibör bisküvileri gelişigüzel kırarak ufak parçalara ayırın ve oval bir kaba aktarın.Pudra şekeri, krema ve kakaoyu çırpın. Çırptığınız karışıma azar azar yağı ilave edin ve karışım homojen bir kıvam alıncaya kadar çırpmaya devam edin. Bisküvileri harca bulayın.Alüminyum folyoyu mutfak tezgahınızın üzerine açın. Mozaik pasta harcını üzerine yerleştirin.Folyoyu iki taraftan kapatarak pastanıza piramit şeklini verin. Pürüzsüz bir şekil alması için yan taraflarını bir spatula yardımıyla bastırarak düzeltin.Kolay dilimlenebilmesi için; mozaik pastayı buzdolabında 2- 3 saat kadar bekletin.Dilimledikten sonra rendelenmiş Hindistan cevizi ile süsleyerek servis edin.;15 dakika;mozaik_pasta.png
Şekerpare;yumurta-un-irmik-şeker;Tatlı;250;MALZEMELER\n2 su bardağı un\n125 gram oda sıcaklığında tereyağı\n1 çay bardağı  ayçiçek yağı\n4 yemek kaşığı irmik\n4 yemek kaşığı toz şeker\n1 adet yumurta\n1 paket kabartma tozu\n1 paket vanilya\nÜzeri için:20 adet fındık içi\nŞerbeti için:2,5 su bardağı toz şeker\n2,5 su bardağı su\n1 dilim limon\nHAZIRLANIŞ \n Tatlının şerbeti için : toz şeker ve suyu karıştırdıktan sonra yüksek ateşte kaynatın.Kaynama noktasına gelen şerbete bir dilim limonu ekledikten sonra ocaktan alın. Soğuması için bekletin.Tatlının hamurunu hazırlamak için: oda sıcaklığında bekletilmiş tereyağı, ayçiçek yağı, toz şeker, yumurta ve vanilyayı bir kapta krema haline gelene kadar eliniz ile karıştırın.Elenmiş un ve kabartma tozunu, irmik ile ayrı bir kapta karıştırın. Krema haline getirdiğiniz karışıma azar azar ekleyerek, şekerpare hamurunu tamamlamış olun.Tüm malzemeyi yoğurduktan sonra kulak memesi kıvamında elde ettiğiniz hamuru, yirmi eşit parçaya bölün.Avuç içinde yuvarlayarak, şekil verdiğiniz şekerparelerin orta kısımlarına fındık içlerini yerleştirin. Fırın tepsisine aralıklı olarak dizin.Önceden ısıtılmış 180 derece fırında 25 dakika pişirin. Fırından çıkan şekerparelere, şerbetini ekleyin. İçini çeken tatlıları ılık ya da soğuk olarak servis edin.  ;70 dakika;sekerpare.png
Keşkül;süt-yumurta-nişasta-badem;Tatlı;240;MALZEMELER\n5 su bardağı süt\n1 adet yumurta sarısı\n1,5 su bardağı toz şeker\n2 yemek kaşığı buğday nişastası\n5 yemek kaşığı toz badem\n2 yemek kaşığı rendelenmiş hindistan cevizi\nServisi için:2 yemek kaşığı kabuksuz çiğ badem\n1 yemek kaşığı file antep fıstığı\nHAZIRLANIŞ\nSüt, yumurta sarısı, toz şeker, buğday nişastası ve toz bademi derin bir tencereye aktarın.Orta ateşte bir çırpıcı yardımıyla sürekli karıştırarak pişirin.Kaynamakta olan keşkül karışımına rendelenmiş Hindistan cevizini ekleyin ve karıştırın. Pişen keşkülü servis kaselerine paylaştırın.Üzerlerini kabuksuz çiğ badem ve file Antep fıstığı ile süsledikten sonra soğuk olarak servis edin. ;35 dakika;keskul.png
Islak Kurabiye;yumurta-şeker-kakao-un;Tatlı;310;MALZEMELER\n1 adet yumurta\n1 çay bardağı sıvı yağ\n1 çay bardağı şeker\n125 gr. (yarım paket) margarin\n 4 yemek kaşığı kakao\n 1 paket kabartma tozu\n1 paket vanilya\n 3 su bardağı un\nŞerbeti için : 2 çay bardağı su\n 2 çay bardağı şeker\nHAZIRLANIŞ\nÖnce su ile şekeri kaynatıp soğumaya bırakalım.1 adet yumurtayı mikser ile çırpalım.Yağı ve şekeri ilave edip 5 dk. tekrar çırpalım.Kalan malzemelerin tamamını ekleyip yoğuralım.Kulak memesi kıvamında bir hamur elde edelim.Hamurdan küçük parçalar kopararak yuvarlayıp, yağlanmış tepsiye dizelim ve fırında pişirelim.Üzerleri çatlamaya başlayınca kürdan ile pişip pişmediğine bakıp fırını kapatalım.Sıcak kurabiyeleri, önceden hazırlayıp soğuttuğumuz şerbetin içine bırakıp 2-3 sn. sonra tekrar servis tabağına alalım. Afiyet olsun.;40 dakika;islak_kurabiye.png
Aşure;buğday-kuru fasulye-kayısı-nohut;Tatlı;344;MALZEMELER\n500g aşurelik buğday (3 su bardağı)\nYarım çay bardağı pirinç\n1 su bardağı nohut\n1 su bardağı kuru fasulye\n200 g kuru kayısı\n200 g kuru üzüm\n1 su bardağı fındık\n3 lt su\n2 su bardağı süt\n4 su bardağı toz şeker\nçeyrek çay kaşığı tuz\nçeyrek çay kaşığı karabiber\nyarım çay bardağı karanfil suyu (1 tatlı kaşığı karanfili kaynatıp, sunuyu alın)Üzeri için :\n25 g fındık\n25 g kuş üzümü\n100 g ceviz\n1 adet nar\nTarçın\nHAZIRLANIŞ\nNohut ve fasulyeyi ayrı ayrı haşlayın.Buğdayı yıkayıp, tencereye alın üzerine kaynar su ekleyip 10dk kaynatın. Çıkan sarı suyu süzün. Aynı işlemi bir kez daha yapın ve suyunu süzün.Daha sonra kaynar su ekleyip 50dk kadar buğdayı kaynatın. (Dilerseniz akşamdan iki kez kaynatıp suyunu süzerek daha sonra sıcak suda sabaha kadar bekletebilirsiniz. Akşamdan ıslatırsanız 15dk kaynatmak yeterli olacaktır.).Yumuşayan buğdaya pişmiş nohut, fasulye, küçük doğranmış kayısı, kuru üzüm, yıkanmış pirinç 15dk kadar kaynatın.Sıcak süt, şeker, tuz, karabiber, fındık, karanfil suyu ekleyerek 15dk daha kaynatın.Tek tek cam kâselere bölüştürün.Aşure kâselerde soğumaya yüz tutunca, üzerini fındık, ceviz, fıstık, kuş üzümü, kuru üzüm ve nar taneleri ile süsleyebilirsiniz.Aşure pişirirken toplamda 3lt kadar su kullanılır. Yanınızda sürekli kaynar su bulundurun, gerektiğinde ilave edebilmek için önemli. Aşurenin kıvamına göre su ekleyebilirsiniz.Şeker miktarını damak tadınıza göre ayarlayabilirsiniz. 4 su bardağı bizim aile için ideal oldu. Siz az şekerli seviyorsanız, 3 bardak kadar ekleyip tadını kontrol ettikten sonra gerekli gördüğünüz miktarda ilave edebilirsiniz. ;65 dakika;asure.png
Kakaolu Islak Kek;yumurta-kakao-un-süt;Tatlı;570;MALZEMELER\n4 adet yumurta\n1 su bardağı şeker +1 yemek kaşığı ilave\n1 su bardağı süt\nYarım su bardağı sıvı yağ\n3 yemek kaşığı kakao\n1 paket vanilya\n1, 5 su bardağı un\n2 yemek kaşığı buğday nişastası\n1 paket kabartma tozu\nSosu için:\n1 su bardağı süt\n1 su bardağı su\n1, 5 yemek kaşığı kakao\nYarım su bardağı şeker\n1 yemek kaşığı sıvı yağ\nÜzeri için :\nHindistan cevizi\nHAZIRLANIŞ \nBütün malzemelerin oda ısısında olmasına özen göstererek, 4 adet yumurtayı iyice rengi açılana kadar çırpıyoruz.İçerisine şekeri ilave edip, şekerin eridiğini hissedene kadar işleme devam ediyoruz. (Ortalama 7-8dk) Sırasıyla sütü, sıvı yağı, vanilyayıda ekleyip, ayrı bir kapta kakao, un, nişasta ve kabart tozunu eleyerek sıvı karışıma ekliyoruz.Orta kıvamlı, güzel bir kek harcı oluşturuyoruz.Büyük boy bir borcamı yağlayıp, harcımızı içerisine döküyoruz.Önceden ısıtılmış 190 derece fırında kontrollü 25 dakika pişiriyoruz.Kürdan testi yaptıktan sonra, kekimizi ilk sıcağının geçmesi adına bir kenara alıyoruz.Kekimiz pişerken bir yandan sosunu hazırlıyoruz.Tüm malzemeyi minik bir tencereye alıp, şeker eriyene kadar karıştırarak ısıtıyoruz. Kaynatmanıza gerek yok, ısınsın yeter. Soslama kısmında; kek ilk sıcağı geçmiş ama hali hazırda sıcakken, sosumuz ılık olmalıdır.Kekimizi güzelce dilimleyip, parçaların ortasına birkaç tane daha delik açıyoruz ki sos her yerine geçsin. Bir kepçe yardımıyla sos ve keki buluşturup, dinlenmesi için 3-4 saat buzdolabında misafir ediyoruz.Servis yaparken üzerine; Hindistan cevizi serpiyoruz.  ;80 dakika;kakaolu_islak_kek.png
Gavurdağı Salatası;domates-maydanoz-soğan-sarımsak;Salata;114;MALZEMELER\n4-5 adet salkım domates\n2 adet taze soğan\n1 küçük boy kuru soğan\n2 adet sivri biber\n5-6 dal maydanoz\n5-6 dal taze nane\n1 diş sarımsak\n1 avuç ceviz\n½ çay bardağı zeytinyağ\n½ adet limon suyu\nNar ekşisi\nHAZIRLANIŞ\nKırmızı pul biber\nSumak\nTuz\nKarabiberDomatesleri küçük küp doğrayın.Maydanoz ve naneyi ince kıyın.Taze soğan sarımsak ve kuru soğanı çok küçük doğrayın.Cevizleri iri dövün veya bıçakla kıyın.Bütün malzemeleri bir kâsenin içine alın karıştırın. Zeytinyağı, limon suyu, nar ekşisi ve baharatlarını ilave edin karıştırın.Servis tabağına alın ve cevizleri ilave edin.;15 dakika;gavurdagi_salatasi.png
Kısır;bulgur-salça-sarımsak-domates;Salata;165;MALZEMELER\n2 su bardağı ince bulgur\n1 su bardağı sıcak su + üzerini geçecek kadar\n1 yemek kaşığı domates salçası\n1 yemek kaşığı biber salçası\n2 diş sarımsak\nZeytinyağı\n1 adet limon suyu\n2 yemek kaşığı nar ekşisi\nTuz\nKarabiber\n1 tutam kimyon\n1 tutam pul biber\n1 tutam sumak\n10 dal taze soğan\n1 bağ maydanoz\n10 yaprak taze nane\n2 adet domates – çekirdekleri çıkartılmış\nHAZIRLANIŞ\nSu ve salçaları karıştırın.İnce bulguru, salçalı sıcak suyla ıslatın ve üzerini geçinceye kadar su ilave edin. Demlenmesi için kenara alın.Demlenen bulgura zeytinyağı, salçalar, limon suyu, nar ekşisi, ezilmiş sarımsak ve kuru baharatları ekleyin, tahta bir kaşıkla tüm malzemeleri yedirerek, iyice karıştırın.Kıyılmış yeşillikleri, sarımsak ve domatesi ekleyin karıştırın.;30 dakika;kisir.png
Makarna Salatası;makaran-yoğut-mayonez-turşu;Salata;283;MALZEMELER\n1 paket sebzeli burgu makarna\n1 su bardağı konserve haşlanmış garnitür\n6 adet kornişon turşu\n1/4 demet dereotu\n1 su bardağı yoğurt\n1 yemek kaşığı mayonez\n2 yemek kaşığı zeytinyağı\n1 tatlı kaşığı nane\n1 çay kaşığı tuz\nPüf Noktası\nHAZIRLANIŞ\nBurgu makarnayı kaynar suda 10- 12 dakika kadar haşlayın. Suyunu süzün ve soğuması için bir kenarda bekletin.Kornişon turşuları halka halka doğrayın. Dereotunu incecik kıyın. Konserve haşlanmış garnitürün suyunu süzün ve durulayın.Salatanın sosunu hazırlamak için: yoğurt, mayonez, zeytinyağı, nane ve tuzu bir kapta çırpın.Haşlanan makarnayı, doğranmış dereotu, salatalık turşusu ve konserve garnitürü salata kasesine aktarın.Hazırladığınız sos karışımını ekleyin ve harmanladıktan sonra bekletmeden servis edin.;30 dakika;makarna_salatasi.png
Babagannuş;patlıcan-sarımsak-yoğurt-tahin;Salata;117;MALZEMELER\n4 adet patlıcan\n4 diş sarımsak\n1 su bardağı süzme yoğurt\n1 adet limon suyu\n3 çorba kaşığı tahin\nZeytinyağı\nPul biber\nHAZIRLANIŞ\nPatlıcanları közleyip doğrayın.Diğer tarafta tahin, süzme yoğurt ve limon suyunu karıştırın.Sarımsakları da doğrayıp ekleyin.Bu sosla patlıcanları karıştırın.Tuzunu ve zeytinyağını da ekleyip servis tabağına alın.Tazen fesleğen, nane gibi yeşilliklerle süsleyin.Yoğun bir tahin lezzeti olan bu salata yaz için güzel bir aperatif;20 dakika;babagannus.png
Roka Salatası;roka-turp-soğan-domates;Salata;65;MALZEMELER\n1 bağ roka (küçükse 2 bağ)\n10 adet çeri domates\n1 bağ mini turp\n1 adet orta boy kırmızı soğan\nSosu İçin\nYarım çay bardağı sızma zeytinyağı\n2 diş ezilmiş sarımsak\n4 yemek kaşığı sirke\ntuz\nHAZIRLANIŞ\nRokaları yıkayıp sebze kurutucusuna alın ve kurutun. Elinizle 2-3 parçaya bölüp karıştırma kabına alın.Çeri domatesleri yıkayıp 2-3 parçaya bölün. Turpları yıkayıp kabuklarını soymadan ince ince dilimleyin.Soğanı soyup piyazlık doğrayın ve doğradığınız diğer malzemelerle birlikte karıştırma kabına alın.2 diş sarımsağı rendeleyin, küçük bir kase içinde tüm sos malzemesini iyice karışıncaya kadar çırpın.Sosu karıştırma kabındaki salata malzemelerinin üzerine sökün. Elinizle sebzeleri ezmeden karıştırın, tüm yaprakların sosa bulanmasını sağlayın ve servis yapın.;12 dakika;roka_salatasi.png
Kuskus Salatası;kuskus-sarımsak-biber-turşu;Salata;170;MALZEMELER\n250 gr. kuskus – haşlanmış\n4 yemek kaşığı zeytinyağı\n2 diş sarımsak\n2 adet köz kırmızıbiber\n12 adet kornişon turşu\n3 dal taze soğan\n½ bağ maydanoz\n½ bağ dereotu\n1 avuç ceviz – ince kıyılmış\n2 yemek kaşığı nar ekşisi\nTuz\nKarabiber\nKuru nane\nHAZIRLANIŞ\nDerin bir kasede kuskusları zeytinyağı, ezilmiş sarımsak, tuz, karabiber, kuru nane ile tatlandırın.Köz kırmızıbiber, kornişon turşu, taze soğanları küçük küçük doğrayın, maydanoz ve dereotunu ince ince kıyın, ceviz ile birlikte kuskuslara ilave edin.Nar ekşisi ile tatlandırıp karıştırın, servis tabağına alın.;30 dakika;kuskus.png
Patates Salatası;patates-soğan-maydanoz-zeytin;Salata;180;MALZEMELER\n6 adet Patates\n1 adet Soğan\n4 adet Yeşil soğan\n1/3 su bardağı Zeytinyağı\n5 yemek kaşığı Limon suyu\n1 tatlı kaşığı Kırmızı pul biber\n1 tatlı kaşığı Karabiber\n15 adet Siyah zeytin\n1/2 demet Maydanoz\n1/2 demet Dere otu\nTuz\nHAZIRLANIŞ\n1. Haşlanmış patatesler küp şeklinde kesilir, çukur bir salata tabağına konur. 2. Kuru soğan yarım ay şeklinde başka bir kaba doğranır, tuz ile ovulur, yıkanır ve patatesin üzerine ilave edilir. 3. Yeşil soğan temizlenir ince doğranır, yıkanmış, ince kıyılmış maydanoz ve dere otu ile birlikte patatese konur. 4. Çekirdekleri çıkarılmış ve ikiye bölünmüş zeytinler, karabiber ve kırmızı pul biber de en üste konur. 5. Zeytinyağı, limon ve tuz ile hazırlanmış salata sosu üzerine gezdirilir ve patatesler ezilmeyecek şekilde karıştırılır, servis yapılır.;30 dakika;patates_salatasi.png
Yoğurtlu Semizotu Salatası;yoğurt-semizotu-;Salata;100;MALZEMELER\n2 kase semizotu\n2 diş sarımsak\n1 kase yoğurt\nTuz\nZeytinyağı\nPul biber\nHAZIRLANIŞ\nSemizotunu yıkayarak, suyunun süzülmesini sağlayın.Rendelediğiniz sarımsakları, tuz, zeytinyağı ve yoğurt ile karışım pürüzsüz olana kadar karıştırın.Hazırladığınız yoğurtlu karışımı semiz otunun üzerine dökerek karıştırın.İsteğinize göre üzerine pul biber serperek servis edebilirsiniz. Afiyet olsun. ;15 dakika;yogurtlu_semizotu.png
Zeytinyağlı Fasülye;fasülye-domates-soğan-sarımsak;Ara Yemek;73;MALZEMELER\n450 gr net/ 500 gr brüt taze fasulye\n200 gr/1 büyük soğan\n2 büyük domates\n2 diş sarımsak\n1 tatlı kaşığı toz şeker\n1,5 çay kaşığı tuz\n4 çorba kaşığı zeytinyağı\n1 çay bardağı sıcak su\nHAZIRLANIŞ\nDomatesleri elde rendeleyin, sonra kabuklarını etli kısımları üste gelecek şekilde tencerenin dibine yayın. Fasulyeleri ayıklayın. Soğanları ince ince kıyın ya da mutfak robotunuzdan geçirin. (Daha evvel asla mutfak robotu veya minik robotlarda soğan kıymayı tercih etmezdim. Ancak son 2-3 yıldır çıkanların bıçakları “bas çek, bas çek” usulü yaptığınızda soğanın suyunu hiç çıkarmadan elle kıymış gibi yapabiliyor) Sarımsakları şeritler halinde kesin. Soğanı alta, sarımsakları fasulyelerle karışık olarak ortaya, en üste de rendelenmiş domatesi koyun. Sadece 1/4 bardak su ile kaynamaya başladıktan sonra, yaklaşık 30-35 dakika orta ocağın kısık ateşinde, kapağı kapalı pişirin. Bu şekilde yapınca dışarıdan çok çok az suya ihtiyacı oluyor ve kendi özlü hali ile pişiyor. Fasulyenin ve soğanın içindeki şeker daha rahat ortaya çıkabiliyor. Hem fasulyenin hem de domatesin tadını çok net alabiliyorsunuz. Pişme süresi diğerlerine göre biraz daha uzuyor.;45 dakika;zeytinyagli_fasulye.png
Zeytinyağlı Enginar;enginar-havuç-patates-bezelye;Ara Yemek;147;MALZEMELER\nenginarları pişirmek için:\n4 adet büyük boy enginar\n1 yemek kaşığı un\n2 yemek kaşığı zeytinyağı\n1/2 limonun suyu\ntuz\n2 adet kesme şeker\nüzerini geçecek kadar su\nGarnitürü için:\n2 yemek kaşığı zeytinyağı\n1 orta boy soğan\n1 diş sarımsak\n1 adet küçük boy havuç\n1 adet küçük boy patates\n1 çay bardağı bezelye\ntuz\nüzerine:\ndereotu\n1/2 limonun suyu\nHAZIRLANIŞI\n  Öncelikle enginarları pişirmek için tencereye enginarları dizelim.Ayrı bir kapta un,şeker,tuz,zeytinyağı,limon suyu ve suyu karıştırıp enginarların üzerine dökelim.Önce orta ateşte kaynamaya sonra kısık ateşte pişmeye bırakalım.Enginarlar yumuşayana kadar kaynatalım.  Ayrı bir tencerede zeytinyağında yemeklik doğradığımız soğanı ve sarımsağı kavuralım.Kavrulan soğan ve sarımsağa tavla zarı büyüklüğünde doğradığımız patates,havuç,bezelyeyi ve tuzunu ekleyelim.Tencerenin kapağını kapatıp ,sebzeler yumuşayana kadar pişirelim.  Yeteri kadar pişen enginarların üzerine hazırladığımız garnitürü ekleyelim.enginarın suyundan suyundan hepsinin üzerine bir kaç kaşık gezdirelim.Enginarın suyu enginarların atında kalmalı,eğer fazlaysa birazını dökelim.Yarım limonun suyunu enginarların üzerine paylaştıralım ve 10 dakika daha pişirip ocaktan alalım.Tencerenin kapağını açmadan soğumaya bırakalım.Servisten önce üzerine kıyılmış dere otu serpip soğuk olarak servis edelim.;90 dakika;zeytinyagli_enginar.png
Paçanga Böreği;pastırma-yufka-kaşar peyniri-domates;Ara Yemek;504;MALZEMELER \n3 adet yufka\n150 gr pastırma\n200 gr rende kaşar peyniri\n1 adet orta boy domates\n1 adet çarliston biber\n1 tutam maydanoz\nKızartmak için sıvı yağ\nHAZIRLANIŞI\nYufkaları dört üçgen elde edecek şekilde kesin (4 parçaya bölün).Pastırmaları ince ince dilimleyin doğradığınız biber ve domatesle teflon tavaya koyarak 1-2 dakika sote edin (isteğe göre çiğdende kullanabilirsiniz).Soğuyunca kıyılmış maydanoz ve rendelenmiş kaşar peynirini ekleyin.Yufkayı kalın bir sigara böreği şeklinde sarın.Tüm yufkalar bitene kadar bu işleme devam edin.Yufkalar bittikten sonra kızgın yağa atarak altlı üstlü kızartın.Soğutmadan ikiye bölerek sıcak olarak servis yapın.;30 dakika;pacanga_böregi.png
Kabak Mücveri;kabak-maydanoz-peynir-dereotu;Ara Yemek;316;MALZEMELER\n4 kabak\n3 yumurta\n1 soğan\n1 tutam maydanoz\n1 tutam dereotu\n100 gr. beyaz peynir\ntuz\nkarabiber\nKızartmak için:\nsıvıyağ\nServis için\nyoğurt\nHAZIRLANIŞI\nKabakları geniş bir kaba rendeliyoruz. Bir süre suyunu salması için bekliyoruz. İki avucumuza aldığımız rende kabağın suyunu iyice sıkıyoruz. Suyunu sıktıklarımızı ayrı bir kaba alıyoruz. Soğanı yemeklik doğrayıp ilave ediyoruz. Yumurtalarını kırıyoruz. Peynirini ezerek üzerine ufalıyoruz. Maydanozu ve dereotunu incecik doğrayıp ilave ediyoruz. Tuzunu ve karabiberini atıyoruz. 5 çorba kaşığı tepeleme un koyuyoruz ve iyice karıştırıyoruz. Tavaya kızartma yağı koyup ısıtıyoruz. Mücver harcından kaşık kaşık alıp sıvıyağa bırakıyoruz ve kızartıyoruz. Yanında yoğurtla servis ediyoruz.;40 dakika;kabak_mücveri.png
Fırında Kaşarlı Mantar;kaşar peyniri-mantar;Ara Yemek;186;MALZEMELER\nKişi sayısına göre büyük boy mantar\nHer mantar için 1 çay kaşığı tereyağı\nYeteri kadar kaşar peyniri\nTuz\nHAZIRLANIŞ\nYıkanmış mantarların sap kısımlarını çıkarın. Fırın tepsisine dizin.Orta kısmına 1 dolu çay kaşığı tuzlu tereyağı ekleyin. Yağ tuzlu değilse üzerine tuz serpin.Önceden ısıtılmış 200 derecelik fırına tepsiyi sürün. Yaklaşık 20 dakika kadar pişirin.Fırından alıp hafifçe sallayın ki içine biriken suyun bir kısmı dışarı doğru aksın. Böylece tereyağlı su mantarın kenarlarına sızıyor ve lezzeti artıyor.Orta kısma rendelenmiş kaşar peyniri doldurun ve yeniden fırına verin.Kaşarlar eriyince fırından alın ve sıcakken servis edin.;25 dakika;firinda_kasarli_mantar.png
Avcı Böreği;yufka-kıyma-soğan-bulgur;Ara Yemek;427;MALZEMELER\n2 adet hazır yufka\n3 yemek kaşığı  sıvı yağ\nİç harcı için:200 gram orta yağlı kıyma\n1 adet orta boy kuru soğan\n2 yemek kaşığı sıvı yağ\n1,5 yemek kaşığı tereyağı\n2 su bardağı ince bulgur  (sıcak su ile şişmemiş hali için 1 su bardağı)\n1/2 su bardağı dövülmüş ceviz içi\n1/2 demet maydanoz(doğranmış)\n1 çay kaşığı tuz\n1 çay kaşığı karabiber\nBörekleri kaplamak ve kızartmak için:2 adet yumurta\n(çırpılmış)\n1 su bardağı galeta unu\nHAZIRLANIŞ\nKıymalı iç harcı için: kuru soğanı küçük parçalar halinde doğrayın. Bol suda yıkayıp fazla suyunu süzdürdüğünüz ayıklanmış maydanoz yapraklarını incecik kıyın. Ceviz içini keskin bir bıçak yardımıyla kıyın.Kapaklı küçük bir kaseye aldığınız köftelik ince bulgurun üzerini örtecek kadar sıcak su ekleyin. Kapağını kapatıp şişmesi için kısa bir süre bekletin.Tereyağı ve sıvı yağı bir tavaya alıp kızdırın.Soğanları ekleyip, soğanlar diriliğini kaybedene kadar kavurma işlemini sürdürün.Soğanların üzerine kıymayı, tuz ve karabiberi ekleyin ve kavurma işlemine devam edin.Kavrulan kıymanın üzerine ceviz, şişmiş ince bulgur ve doğranmış maydanozu ekleyip karıştırın ve ocağın altını kapatın.Yufkaları dörde bölün ve her birini fırça ile yağlayın.Yufkanın geniş kısmına kıymalı harçtan ekleyin ve önce kenarlardan katlayarak rulo haline getirip kapatın.Yumurtaları geniş bir kapta çırpın. Elenmiş galeta ununu düz bir tabağa alın. Hazırladığınız avcı böreklerini öncelikle çırpılmış yumurtaya ardından galeta ununa bulayın.Kızgın yağda kızartın ve sıcak olarak servis edin, sevdiklerinizle afiyetle yiyin. ;20 dakika;avci_böregi.png
Hünkar Beğendi;et-patlıcan-süt-un;Ana Yemek;469;MALZEMELER\n200 gr kuşbaşı et\n3 yemek kaşığı sıvıyağ\n1 adet soğan\n1 adet biber\n1 adet domates\nYaklaşık 1 yemek kaşığı salça\n1,5-2 su bardağı su\nTuz,karabiber\nBeğendi için:\n3 adet patlıcan\n1 çay bardağı süt (az gelirse ilave edebilirsiniz)\n1 yemek kaşığı tereyağı\n1 yemek kaşığı un\nTuz\nYarım su bardağı kaşar rendesi\nHAZIRLANIŞ\nİlk olarak patlıcanlar fırında ya da ocakta közlenir. (Ben kemer patlıcan kullandığım için beğendi çekirdekli oldu. Siz mümkünse çekirdeksiz patlıcan kullanın)Közlenen patlıcanlar kabuğu soyulup doğranır.Tavada yağ ve un kavrulur.Patlıcanlar tavaya eklenir ve iyice ezilir.Ocağın altı iyice kısılarak süt yavaş yavaş karıştırarak patlıcana ilave edilir.İyice karıştırılır.Ardından kaşar eklenir, ocak kapatılır.Kaşar da tamamen karıştırılarak beğendi hazırlanır.Ayrı bir tava yağ ile ocağa konur.Tava ısındığında etler ilave edilir.Etler suyunu bırakıp çekene kadar kavrulur.İnce doğranmış soğan ve biberler eklenir.Onlar da kavrulunca salça eklenip karıştırılır.Salçadan sonra çekirdekleri alınıp doğranmış domates eklenir.1,5-2 su bardağı su da göz kararı eklenerek kapağı kapatılıp etler pişene kadar pişirilir.Piştikten sonra tuzu karabiberi eklenir. (Eğer etiniz geç pişecek bir et ise düdüklüde haşlayıp yapabilirsiniz. Su yerine et suyunuzu ilave edip pişirirseniz de aynı tadı elde edersiniz.)Servis tabağınıza önce beğendiyi üstüne de etinizi koyarak servis edebilirsiniz. ;2 saat;hunkar_begendi.png
Karnıyarık;kıyma-patlıcan-domates-biber;Ana Yemek;191;MALZEMELER\n6 adet küçük boy patlıcan (büyük ise ikiye bölebilirsiniz)\n2 adet orta boy soğan\n1 adet domates\n8 adet yeşil biber\n4 diş sarmısak\n1 yemek kaşığı salça\nsıvıyağ, tuz, karabiber, kırmızıbiber\n200 gr kıyma\nHAZIRLANIŞI\nPatlıcanları çizgili soyup, yarım saat yağ çekmemesi için tuzlu suda bekletin.İyiceyıkadıktan sonra suyunu havlu ile çektirin ve az yağda kızartın. 6 adet biberide yağda kızartın.Daha sonra aynı tavada doğranmış soğanları kavurun, kıymayı ekleyerek bir müddet daha kavurun ve biberleri, küp küp doğramış olduğunuz 1 adet domatesi, tuzu, baharatları ekleyerek karıştırın.Üzerine bir çay bardağı su ekleyerek 5 dk kaynatın.Tepsiye patlıcanlarım ortalarını keserek yerleştirin ve bu kesiklerden patlıcanın içine bastırarak iç malzemesine yer açın ve malzeme ile patlıcanları doldurun.Doldurduğunuz patlıcanların üzerine kalan 1 adet domatesi eşit büyüklükte olacak şekilde paylaştırın, birer tane sarımsak ve kızarttığımız biberlerden birer tane koyun.Ayrı bir yerde 1 kaşık salçayı 1 kase sıcak suda ezerek patlıcanların aralarına dökün. Kıymalar çıkmasın diye üzerine dökmeyin.Daha sonra 170 derece de ısıttığınız fırına sürerek 20-25 dk pişirin. Dilerseniz bu işlemi pilav tenceresi gibi bir tencerede ocakta yapabilirsiniz. Aynı sürede tencerede de  pişecektir.;45 dakika;karniyarik.png
Tavuk Sote;tavuk eti-biber-soğan-domates;Ana Yemek;288;MALZEMELER\n350 gr. Kemiksiz Tavuk But\n2-3 adet Çarliston Biber\n1 adet Soğan\n2-3 adet Domates\n2-3 diş Sarımsak\n1 kahve fincanı Sıvı Yağ\n1 yemek kaşığı Salça\n1 tatlı kaşığı Tuz\n1 tatlı kaşığı Karışık Baharat\nHAZIRLANIŞ\nSıvı yağı tavaya koyun. Üzerine doğranmış tavukları, soğanları, biberleri ve sarımsakları ekleyin. Baharatları da ekleyip kavurarak pişirmeye başlayın.Tavuk suyunu salıp çekene kadar kavurun.Tavuk suyunu çektikten sonra üzerine domatesleri ve salçayı ekleyip karıştırarak biraz daha pişirin. EN son kısık ateşte kapağını kapatıp 5-6 dakika daha pişirin. Yemeğimiz hazır. Afiyet olsun.;30 dakika;tavuk_sote.png
Hamsili Pilav;hamsi-pirinç-kuş üzümü-soğan;Ana Yemek;334;MALZEMELER\n500-600 gr hamsi (kılçıklarından ayıklanmış)\n1 su bardağı pirinç\n1 kuru soğan\nÇam fıstığı\nKuş üzümü\nKarabiber\nTuz\nSıvıyağ\nHAZIRLANIŞ\nHamsileri kılçıklarından ayırıp tuzlayalım. Soğanı yemeklik doğrayıp fıstıklar ile birlikte kavuralım.Yıkadığımız pirinci ekleyip kavurmaya devam edelim en son yıkanmışpirinci ve kuş üzümünü ekleyip 2 bardak su ekleyip pişirelim. Karabiber ve tuzunu ekleyelim. Pilav dinlendikten sonra istersek maydanoz ekleyip karıştıralım.Tek kişilik fırın kaplarını güzelce yağlayalım. Hamsilerin sırtı alta gelecek şekilde resimdeki gibi dizelim. İçine pilavı koyup hamsilerin sarkan kısımlarını üste katlayalım. Açıktakalan yerlere de hamsi kapatalım.Üzerinde birer parça tereyağı koyup 170 derece fırında 45 dk kadar pişirelim.Üst kısımları kabarmaya başladıysa olmuş demektir.Afiyet olsun.;50 dakika;hamsili_pilav.png
İzmir Köfte;kıyma-soğan-domates-patates;Ana Yemek;197;MALZEMELER\n500 Gram az yağlı kıyma\n1 adet kuru soğan\n1 Adet yumurta\n1/2 (yarım) demet maydanoz\n1,5 Su bardağı bayat ekmek içi\nKarabiber, Kırmızı pul biber, kekik, tuz\nDiğer Malzemeler\n4 Adet domates (3 adedi sosu için , 1 adedi de üzerine dilimlemek için gerekiyor)\n4 Adet patates (ufaksa 5 tane de koyabilirsiniz)\n3 Adet çarliston biber\n1 Tatlı kaşığı salça (tercihen karışık)\nKızartmak için\nsıvı yağ\nHAZIRLANIŞ\nHiç kuşkunuz olmasın çok çok lezzetli bir yemek. Sevgilimin en sevdiği yemeklerden biri , İzmir Köfte. Önceden de denemiş fakat güzel olmasına rağmen aradığım lezzet olmadığı için yazmak istememiştim. İşte şimdi tam da ağzınıza layık bir yemekle karşınızdayım.Ekmek içini ve arkasından soğanı rondo dan geçiriyoruz. (isterseniz rendeleyip , ufalayabilirsiniz)Yumurtayı, ince ince doğranmış maydanozu, baharatları ve kıymayı da ekleyip iyice yoğuruyoruz.Parmak uzunluğunda ince ve uzun bir şekil verip biraz dinlenmesi için tabağa sıralıyoruz. Patatesleri soyup, elma dilimi şeklinde keselim (Patateslerle Köfteler aynı boy olursa daha şık gözükecektir) Sıvı yağı iyice kızdırıp (çok yağ çekmesin diye) önce patatesleri arkasından da köfteleri azıcık kızartıyoruz. (kesinlikle iyice pişirmeyin ağır olur, kızarmadan almamız gerekiyor) Tepsiye bir patates bir köfte şeklinde sıralayın. Köftelerden sonra kızartma yağından bir kepçe sos tenceremize alıyoruz, Salçamızı da ekleyip iyice karıştıralım. Arkasından rendelediğimiz 3 adet domatesi de ekleyip 10 dakika pişmeye bırakalım, isterseniz sarımsak da atabilirsiniz içine. Kekik ve tuzunu da ekledikten bir kaç dakika sonra ocaktan alıyoruz. Hazırlanan sosu patates ve köftelerin üzerine hepsine değecek şekilde döküyoruz ki kurumasın pişerken. Üzerine 1 adet soyulup dilimlenmiş domatesi sıralıyoruz, biberleri de kesip içini temizledikten sonra aralarına yerleştiriyoruz. Fırına atmadan önce tepsinin kenarından 1 çay bardağı sıcak su koyup önceden ısıtılmış fırında patateslerin üzeri kızarana kadar pişiriyoruz. (Benim yemek tam 1 saatte istediğim kıvamda pişti) 30. dakikadan sonra açıp, tepsinin içindeki sostan köftelerin ve patateslerin üzerine biraz gezdirin.;65 dakika;izmir_kofte.png
Kuru Fasulye;fasulye-soğan-salça-biber;Ana Yemek;197;MALZEMELER\n1 kg kuru fasulye\n250 gr tereyağı\n5 tane orta boy kuru soğan\n2 yemek kaşığı domates salçası\n1 yemek kaşığı biber salçası\n2 tane yeşilbiber\n1 tane kırmızı köz biber\nArzuya göre tuz miktarı\nHAZIRLANIŞ \nYemeği hazırlamaya başlamadan 1 gece önce kuru fasulyeleri ılık suya ıslatıyoruz ve sabaha kadar kabarmasını sağlıyoruz. Sabah ilk iş fasulyelerin ıslanmış olduğu suyu süzüyoruz ve haşlamak için derin bir tencerenin içerisine alıp, bol su ile haşlıyoruz.Fasulyeler kaynarken suyunun üzerinde birikmiş olan köpükleri kaşıkla alıyoruz. Bu köpükler fasulyelerin kendine has olan gazıdır. Kaynarken sürekli alınmasında fayda var.Yeteri düzeyde kaynamış olan fasulyeleri kevgir ile süzüyoruz ve soğuk suyun altında bir müddet bekletiyoruz. Ardından yemeğin pişeceği tencereyi seçiyoruz. Bu aşamada güveç veya bakır tencere kullanılması önerilir.Tencerenin içerisine yağı alıyoruz ve ısınması için ocağın altını kısık ateşte açıyoruz. Yağ ısınırken bizde soğanları ve biberleri yemeklik biçiminde ufak, ufak doğruyoruz. Isınan yağın üzerine soğanlarla birlikte biberleri ilave ediyoruz ve kavurmaya başlıyoruz. Karışım istenilen yumuşaklığa geldiğinde üzerine biber ile domates salçasını ilave ediyoruz ve karıştırarak pişiriyoruz.Salçaları açmak için üzerine 1 çay bardağı sıcak su ilave ediyoruz ve ardından süzülmüş kuru fasulyeleri tencereye aktarıyoruz. Salçalı karışımın içerisinde fasulyeleri 3 dakika kadar kavuruyoruz. Lezzeti çekmiş olan fasulyelerin üzerini hafif geçecek şekilde sıcak su ilavesi yapıyoruz ve kısık ateşte pişirmeye bırakıyoruz. Eğer ki yemek pişmeye devam ederken üzerinde köpük oluşturmaya devam ederse köpükleri kaşıkla alıyoruz. Yemek kaynamaya başladığında üzerine yeteli düzeyde tuz ilavesi yapıyoruz.Fasulyeleri yaklaşık olarak kısık ateşte 1 saat kadar ağzı kapalı şekilde pişirmeye bırakıyoruz. Şayet etsiz kuru fasulye tarifi düdüklü tencerede pişirilecek ise bu süre 25-30 dakikaya kadar düşürülmelidir.Kuru Fasulyeler, yeterli kıvamda yumuşamış ise dağılmasına sebebiyet vermeden ocaktan indiriyoruz. Artık etsiz kuru fasulye yemeği servis için hazır hale gelmiştir.;1 saat;kuru_fasulye.png
Fellah Köftesi;irmik-bulgur-yumurta-un;Ana Yemek;278;MALZEMELER\n1 su bardağı ince bulgur\nYarım çay bardağı irmik\n1 adet yumurta\n1 tatlı kaşığı salça\nBir miktar tuz\n3 yemek kaşığı un\n1 tatlı kaşığı nane\n1 tatlı kaşığı kırmızı biber\n1 tatlı kaşığı pul biber\n1 çay kaşığı kimyon\nYarım çay kaşığı karabiber\n1, 5 su bardağı sıcak su\n1 çay kaşığı limon tuzu\nSosu için Malzemeler:\n1 tatlı kaşığı salça\n1 çay kaşığı pul biber\n1 çay kaşığı kekik\nYarım çay kaşığı kimyon\n1 çay kaşığı tuz\nİki diş rendelenmiş sarımsak\n1 su bardağı domates sosu\n2 yemek kaşığı nar ekşisi\n1 çay bardağı su,\nBir miktar sıvı yağ.\nHAZIRLANIŞ\nÖncelikle köftemizi hazırlamak için bulgur ve irmiği bir kaba alıp üzerine kaynar suyu dökeceğiz.20 – 25 dakika kadar şişene kadar üstü kapalı bir şekilde beklettikten sonra içine 1 adet yumurta kırıp tuzunu, salçasını ve baharatlarını ekleyeceğiz.Güzelce yoğurmamız gerekiyor. Bu esnada elimize yapışmaması için bir miktar sıvı yağ sürmemiz yeterli olacaktır.Yoğurduğumuz köfteyi küçük toplar halinde yuvarladıktan sonra ortasına bir parmak baskı yapmamız gerekiyor.1 çay kaşığı limon tuzu ekleyerek kaynattığımız suyun içine bir miktar da sıvı yağ ekledikten sonra hazırlamış olduğumuz köfteleri haşlanmak üzere suya bırakacağız.Köftelerin haşlandığını, suyun üzerine çıkmalarından anlayabilirsiniz.Bu esnada sosumuzu hazırlayabiliriz. Tavaya sıvı yağı, sarımsağı ve salçayı ekledikten sonra kavuracağız.Ardından domates sosunu, baharatları ve 1 çay bardağı suyu da ekleyeceğiz.Güzelce karıştırıp kavurduktan sonra altığını kapattığımız sosa nar ekşisini de ilave edip tekrar karıştıracağız.Pişirmiş olduğumuz köfteleri hazırladığımız sosun içine koyup sosunu çekene kadar karıştıracağız.Ardından servis tabağına aldığımız köftelerin üzerine sarımsaklı yoğurt döküp, maydanozla süsleyerek servise hazır hale getirebiliriz. Afiyet olsun.;50 dakika;fellah_koftesi.png
Türlü;patlıcan-patates-kabak-soğan;Ana Yemek;143;MALZEMELER\niki patlıcan\niki patates\niki kabak\nbir soğan\niki diş sarımsak\niki sivri biber\niki domates\nyarım kaşık salça\nyarım çay bardağı zeytinyağı\nkarabiber, kimyon, tuz\nHAZIRLANIŞ \nPatlıcan, patates, kabak, soğan, domates ve biberi doğrayın.Yağ içinde soğanı katın kavurun, üzerine sarımsak ve biberi katın kavurun.Ardından salçayı katın kavurun, üzerine domatesi katın kavurun.Patlıcan, patates ve kabakları katın karıştırın.Üzerine 2 bardak sıcak su, karabiber, kimyon ve tuzu katın.Tuzunu ayarlayın, kapağı kapatın.Ağır ateşte patatesler yumuşayıncaya kadar 30 dakika pişirin;55 dakika;turlu.png
Şeftali Kompostosu;İçecekler;şeftali-şeker-karanfil-tarçın;50;Malzemeler\n6 adet orta boy şeftali\n 2 su bardağı toz şeker\n 8 su bardağı su\n 4 adet karanfil\n 1 adet çubuk tarçın\n Nasıl Yapılır?\n Bol suda yıkadığınız şeftalilerin kabuklarını soyup çekirdeklerini çıkardıktan sonra dilimleyin.\n \n Su ve toz şekeri derin bir tencereye alın. Tel bir çırpıcı yardımıyla şeker eriyene kadar karıştırın. Karanfil ve çubuk tarçın ilavesiyle kısık ateşte kaynatın.\n \n Kaynamaya başlayan şerbet karışımına şeftali dilimlerini katıp kısık ateşte 10-15 dakika kadar pişirin.\n \n Çubuk tarçın ve karanfilleri içinden çıkartın. Oda ısısında ılınan kompostoyu buzdolabında soğuttuktan sonra meyve dilimleriyle birlikte servis edin.;40 dakika;seftali_kompostosu.png
Atom;süt-muz-kivi-bal;İçecekler;150;Malzemeler\n2 bardak\n günlük süt (organik ya da çiftlik sütü olması terc\n 1 adet büyük boymuz\n 1 adet kivi\n 2 tatlı kaşığı nutella\n 1.5 tatlı kaşığı bal\n Nasıl Yapılır?\n Bütün malzemeyi blendera atın ve ve homojen bir hale gelene dek karıştırın.;5 dakika;atom.png
Çilekli Limonata;çilek-limon-bal-su;İçecekler;80;Malzemeler \n1 kilo çilek\n 3 büyük boy limon\n 1 su bardağı şeker 1 litre \nÇilekli Limonata Tarifi Yapılışı \nÇilekleri ayıklayıp yıkayarak süzdürüyoruz. Limonların kabuklarını rendeleyip rondonun içine alıyoruz. Üzerine çilekleri de ilave edip ince bir şekilde çekiyoruz. Limonu da sıkıp suyunu ekleyerek derin bir kabın içinde 1 su bardağı su ve şekeri ilave edip aromasının birbirine geçmesi için arada karıştırarak 1 saat bekletiyoruz. Süzgeçten geçirerek üzerine kalan suyu ilave edip tahta kaşıkla ezerek posasını iyice çıkarıyoruz. Sürahiye doldurarak dolaba kaldırıp soğuduktan sonra servis ediyoruz.Limon ve çileğin uyumuyla renginden de anlaşılacağı üzere görüntüsü gibi tadı da harika bir içecek.;15 dakika;cilekli_limonata.png
Reyhan Şerbeti;reyhan-limon tuzu-su-şeker;İçecekler;60;Malzemeler \n 1 demet reyhan\n  5-6 adet limon tuzu\n  6 su bardağı sıcak su \n 6 yemek kaşığı toz şeker\n  Nasıl Yapılır? \n Reyhanları güzelce yıkayın ve üzerine kaynamış sıcak suyu, şekeri ve limon tuzunu ilave edin.  Karıştırıp ağzını kapatın.  Kesinlikle kaynatmıyoruz.  Haşlama yöntemi ile yani sıcak suyun içinde bekletilerek yapılan bir şerbet.;40 dakika;reyhan_serbeti.png
Sahlep;nişasta-süt-şeker-vanilya;İçecekler;150;alzemeler\n 2 tatlı kaşığı nişasta\n 2 su bardağı süt\n 2 yemek kaşığı şeker\n Yarım çay kaşığı vanilya\n Üzeri için;\n \n Toz tarçın\n Enfes Sahlep (Ev Yapımı) Tarifi Yapılışı\n Nişasta, süt, şeker, vanilyayı bir cezveye alarak kaynayana kadar karıştıralım. Kaynadıktan sonra fincanlara koyup üzerine tarçın serpelim. Sıcak sıcak servis edelim. ;15 dakika;sahlep.png
